issue_id,dataset,field,category,n_affected,n_total,pct_affected,description,recommendation
DQ-001,employees,tenure_months,ERROR,5447,13403,40.64,"tenure_months does not reconcile with hire_date and the documented 'to exit_date or window end' definition for a large share of records. For active employees specifically, back-solving the implied as-of date from tenure_months shows it drifting from ~Nov 2025 to ~Jun 2026 rather than clustering at the stated window end of 2025-12-31 — i.e. tenure_months looks to have been computed against a moving/variable reference point (plausibly the data-generation run date) rather than the fixed window end the brief describes.","Do not use the supplied tenure_months at face value for time-sensitive analysis (survival models, tenure-banded comparisons, early-attrition cutoffs). Recompute tenure directly from hire_date and (exit_date, capped at 2025-12-31 for active employees) as a derived field, and use that recomputed value consistently instead."
DQ-002,employees,tenure_months,BUSINESS SIGNAL,66,13403,0.492,tenure_months of 0 recorded for some employees (typically very short-tenure departures within their first calendar month).,"Plausible for genuine same-month hire-and-exit cases; verify against hire_date/exit_date before treating as an error, and include explicitly in any early-attrition/hiring-inefficiency analysis (Area HI) rather than dropping."
DQ-003,engagement,survey_date,BUSINESS SIGNAL,1,5,20.0,Wave(s) administered over a markedly wider date span than the other waves (median 14 days): wave 3: 60 days.,"Note as a rollout-timing irregularity (possibly acquisition-related staggered administration); does not itself corrupt the scores, but avoid treating 'wave number' as a precise single point in time for that wave."
DQ-004,engagement,employee_id (coverage),EXPECTED MISSINGNESS,139,13403,1.037,"Employees with zero engagement records, explained by having been hired after the final wave closed or having exited at/before the first wave closed — matches the brief's explicit caveat.",No action needed; exclude these employees from engagement-based analysis for waves they were not eligible for.
DQ-005,engagement,employee_id (coverage),UNKNOWN / REQUIRES ASSUMPTION,168,13403,1.253,"Employees with zero engagement records whose tenure window overlaps at least one wave, so absence is not fully explained by hire/exit timing alone (likely explained by within-window staggered survey issuance that the data does not record at individual level).","Do not treat as random/MCAR without a stated assumption; for any analysis conditioning on engagement history, note this residual as a documented limitation."
DQ-006,engagement,legacy_entity_code/response_flag,BUSINESS SIGNAL,5932,55971,10.598,"Survey response rate varies materially by legacy_entity_code ({'Entity_A': 0.8411, 'Entity_B': 0.6344, 'Entity_C': 0.686, 'NovaCorp-Origin': 0.8411}) — a 20.7 percentage-point gap between the highest- and lowest-responding cohorts ('Entity_B' being lowest).","Not a data error, but a real, non-random non-response pattern: any engagement-score comparison across legacy_entity_code cohorts must account for differential response rates (e.g. via SR-2 in the hypothesis register) rather than comparing raw respondent means as if response were equally likely across cohorts."
DQ-007,performance,review_cycle,ERROR,32,34979,0.091,"32 review(s) carry a review_cycle label whose nominal half-year window (+60-day grace) does not contain the row's own review_date — overwhelmingly reviews labelled '2024-H1' with review_date up to ~18 months later. Of these, 32 occur within 3 days of the employee's hire_date and the employee subsequently departs within ~1 month, consistent with a day-1 onboarding/baseline review that the source system defaulted to the first cycle label rather than the actual period.","CRITICAL for temporal correctness: never use the review_cycle string as a proxy for 'when this was known' — always sequence performance records by review_date. If a cycle label is required for aggregation, re-derive it from review_date rather than trusting the stored value, at least for this affected subset."
DQ-008,performance,review_cycle,EXPECTED MISSINGNESS,12003,12003,100.0,"The 2025-H2 review cycle is entirely absent, exactly as the brief states; the most recent review for most employees is 2025-H1 or 2024-H2. Expressed as 100% of the active workforce lacking a 2025-H2 record, since the cycle is structurally absent from the export rather than missing for a subset.",No action needed beyond documenting the right-truncation: any 'most recent performance' feature for late-2025 events must acknowledge it may be up to ~1 year stale.
DQ-009,employees,tenure_months/data_source_system,ERROR,5302,8555,61.975,"The tenure_months reconciliation error (DQ-001) is heavily concentrated in one source system: 'WorkdayHR' shows a 62.0% mismatch rate vs {'BambooHR-EntityB': 0.041, 'PeopleSoft-Legacy': 0.03, 'SAP-HR': 0.019} for the other systems. 'WorkdayHR' corresponds to the NovaCorp-Origin cohort specifically (see the source-system x legacy-entity crosstab above).","This points to a system-specific tenure computation/export issue in the NovaCorp-Origin HRIS export rather than a company-wide data-generation artefact — strengthens the recommendation to recompute tenure from hire_date/exit_date directly rather than trust the stored field, and specifically do not assume the acquired-entity cohorts (Entity_A/B/C) share the same tenure data quality issue that NovaCorp-Origin records show."
