employee_id,name,hire_date,exit_date,status,department,role_family,role_level,job_title,salary,compa_ratio,gender,age_band,cultural_background,contract_type,hipo_flag,promotion_eligible,manager_id,hire_source,legacy_entity_code,data_source_system,days_to_fill,tenure_months,acting_appointment,exit_type,stated_exit_reason,notice_period_served,regrettable_flag,performance_band_at_exit,salary_at_exit,manager_id_at_exit,pathway
E00156,Matthew Davis,1988-08-13,2024-03-15,departed,Risk & Compliance,Risk-Compliance,3,"Senior Manager, Risk & Compliance",185700.0,0.93,Male,55-59,Prefer not to say,Full-time,True,True,E00273,graduate,NovaCorp-Origin,WorkdayHR,63.0,433,False,voluntary,Better opportunity,False,True,Meets Expectations,185700.0,E00273,pull
E00200,Mr. Allen Price,1988-10-26,2025-08-10,departed,Insurance,Client-Advisory,2,"Manager, Insurance",143000.0,0.99,Male,55-59,East Asian,Full-time,False,True,E07060,referral,NovaCorp-Origin,WorkdayHR,38.0,447,False,voluntary,Career advancement,True,True,Outstanding,143000.0,E07060,pull
E00273,Brian Martinez,1989-03-09,2024-03-25,departed,Risk & Compliance,Operations-Processing,4,"Director, Risk & Compliance",258500.0,0.84,Male,60+,South Asian,Full-time,True,False,E08830,direct,NovaCorp-Origin,WorkdayHR,32.0,426,False,voluntary,Career advancement,False,True,High Performer,258500.0,E08830,pull
E00402,Michael Blankenship,1989-08-29,2025-11-11,departed,Risk & Compliance,Corporate-Support,2,"Manager, Risk & Compliance",134500.0,0.93,Male,60+,Maori/Aboriginal & Torres Strait Islander,Full-time,False,True,E03948,direct,NovaCorp-Origin,WorkdayHR,77.0,440,False,voluntary,Career advancement,True,True,Outstanding,134500.0,E03948,pull
E00829,Susan Banks,1991-03-30,2025-03-29,departed,Wealth Management,Management,3,"Senior Manager, Wealth Management",175400.0,0.88,Female,60+,Anglo-Australian,Full-time,True,True,E09938,direct,NovaCorp-Origin,WorkdayHR,64.0,413,False,voluntary,Career advancement,False,True,Outstanding,175400.0,E09938,pull
E00861,Megan Buchanan,1991-05-22,2024-03-26,departed,Corporate Operations,Management,2,"Manager, Corporate Operations",120600.0,0.83,Female,60+,Anglo-Australian,Casual,False,False,E01502,graduate,NovaCorp-Origin,WorkdayHR,41.0,399,False,voluntary,Better opportunity,False,True,Outstanding,120600.0,E01502,pull
E00874,Calvin Bowers,1991-06-16,2024-11-29,departed,Technology,Technology,2,"Manager, Technology",139300.0,0.96,Male,60+,Southeast Asian,Full-time,False,True,E03511,agency,NovaCorp-Origin,WorkdayHR,69.0,407,False,voluntary,Career advancement,True,True,Outstanding,139300.0,E03511,pull
E00891,Justin Small,1991-07-14,2024-03-09,departed,Technology,Risk-Compliance,2,"Manager, Technology",141100.0,0.97,Male,60+,Anglo-Australian,Full-time,False,False,E14118,direct,NovaCorp-Origin,WorkdayHR,23.0,397,False,voluntary,Career advancement,False,True,Outstanding,141100.0,E14118,pull
E01140,Daniel Berger,1992-06-21,2025-11-28,departed,Technology,Technology,2,"Manager, Technology",120000.0,0.83,Male,60+,Anglo-Australian,Full-time,True,False,E01600,direct,NovaCorp-Origin,WorkdayHR,34.0,407,False,voluntary,Better opportunity,True,True,Outstanding,120000.0,E01600,pull
E01249,Mr. Joe Chang,1992-12-07,2024-08-19,departed,Corporate Operations,Client-Advisory,3,"Senior Manager, Corporate Operations",187100.0,0.94,Male,60+,Anglo-Australian,Full-time,False,False,E05144,agency,NovaCorp-Origin,WorkdayHR,58.0,385,False,voluntary,Better opportunity,True,True,Outstanding,187100.0,E05144,pull
E01302,Austin Romero,1993-02-14,2024-08-29,departed,Retail Banking,Client-Advisory,2,"Manager, Retail Banking",131300.0,0.91,Male,50-54,Anglo-Australian,Full-time,False,False,E01000,acquisition,NovaCorp-Origin,WorkdayHR,49.0,383,False,voluntary,Career advancement,False,True,Outstanding,131300.0,E01000,pull
E01365,Terry Williams,1993-05-10,2025-03-25,departed,Risk & Compliance,Risk-Compliance,3,"Senior Manager, Risk & Compliance",187600.0,0.94,Male,55-59,Anglo-Australian,Part-time,True,False,E06153,direct,NovaCorp-Origin,WorkdayHR,45.0,388,False,voluntary,Better opportunity,True,True,Below Expectations,187600.0,E06153,pull
E01522,Michael Lyons,1994-01-29,2025-10-17,departed,Risk & Compliance,Management,2,"Manager, Risk & Compliance",142300.0,0.98,Non-binary,60+,Anglo-Australian,Full-time,False,True,E07892,agency,NovaCorp-Origin,WorkdayHR,34.0,386,False,voluntary,Career advancement,True,True,Outstanding,142300.0,E07892,push
E01535,Richard Gutierrez,1994-02-12,2024-04-09,departed,Risk & Compliance,Corporate-Support,2,"Manager, Risk & Compliance",128200.0,0.88,Male,55-59,European (non-Anglo),Part-time,True,True,E01474,direct,NovaCorp-Origin,WorkdayHR,75.0,367,False,voluntary,Better opportunity,False,True,Outstanding,128200.0,E01474,pull
E01686,Daniel Rodriguez,1994-09-29,2025-07-27,departed,Technology,Client-Advisory,3,"Senior Manager, Technology",173700.0,0.94,Male,60+,South Asian,Full-time,True,False,E02048,agency,NovaCorp-Origin,WorkdayHR,61.0,375,False,voluntary,Career advancement,True,True,High Performer,173700.0,E02048,pull
E01730,Nicholas Smith,1994-12-15,2025-10-13,departed,Wealth Management,Client-Advisory,3,"Senior Manager, Wealth Management",182100.0,0.86,Male,60+,Anglo-Australian,Casual,True,False,E02897,agency,NovaCorp-Origin,WorkdayHR,41.0,375,False,voluntary,Career advancement,True,True,High Performer,182100.0,E02897,pull
E01788,Charles Lloyd,1995-03-03,2025-06-24,departed,Corporate Operations,Operations-Processing,3,"Senior Manager, Corporate Operations",172700.0,1.01,Male,60+,Anglo-Australian,Part-time,False,True,E04361,referral,NovaCorp-Origin,WorkdayHR,89.0,369,False,voluntary,Better opportunity,True,True,Outstanding,172700.0,E04361,pull
E01910,Kelly Rojas,1995-08-27,2024-07-17,departed,Retail Banking,Client-Advisory,3,"Senior Manager, Retail Banking",179400.0,0.9,Female,55-59,Anglo-Australian,Full-time,True,False,E11918,direct,NovaCorp-Origin,WorkdayHR,23.0,351,False,voluntary,Better opportunity,True,True,Meets Expectations,179400.0,E11918,pull
E01997,Robin Mora,1995-12-25,2025-07-31,departed,Executive Leadership,Management,2,"Manager, Executive Leadership",129300.0,0.89,Female,55-59,East Asian,Fixed-term,True,False,E07676,agency,NovaCorp-Origin,WorkdayHR,80.0,360,False,voluntary,Career advancement,True,True,Below Expectations,129300.0,E07676,pull
E02051,Michele Gonzalez,1996-03-03,2025-10-24,departed,Corporate Operations,Risk-Compliance,2,"Manager, Corporate Operations",122100.0,0.84,Female,60+,Anglo-Australian,Full-time,False,True,E14091,acquisition,NovaCorp-Origin,WorkdayHR,46.0,360,False,voluntary,Career advancement,True,True,Outstanding,122100.0,E14091,push
E02071,Roberto Bailey,1996-04-09,2025-11-28,departed,Risk & Compliance,Management,2,"Manager, Risk & Compliance",127200.0,0.88,Male,60+,Southeast Asian,Full-time,True,False,E01644,referral,NovaCorp-Origin,WorkdayHR,69.0,360,False,voluntary,Better opportunity,True,True,High Performer,127200.0,E01644,pull
E02183,Robert Mullins,1996-08-23,2025-10-10,departed,Corporate Operations,Operations-Processing,2,"Manager, Corporate Operations",124300.0,0.86,Male,60+,South Asian,Fixed-term,True,True,E01281,agency,NovaCorp-Origin,WorkdayHR,42.0,354,False,voluntary,Better opportunity,False,True,Meets Expectations,124300.0,E01281,pull
E02388,David Becker,1997-06-24,2024-04-30,departed,Corporate Operations,Operations-Processing,2,"Manager, Corporate Operations",138000.0,0.95,Male,50-54,Southeast Asian,Full-time,False,False,E01230,acquisition,NovaCorp-Origin,WorkdayHR,17.0,326,False,voluntary,Role uncertainty / unclear future,True,True,Outstanding,138000.0,E01230,push
E02631,Stephanie Hamilton,1998-06-25,2024-05-16,departed,Retail Banking,Operations-Processing,2,"Manager, Retail Banking",134400.0,0.93,Female,45-49,East Asian,Part-time,False,False,E12716,direct,NovaCorp-Origin,WorkdayHR,78.0,315,False,voluntary,Better opportunity,True,True,Outstanding,134400.0,E12716,pull
E02663,Charles Tucker,1998-08-07,2025-03-28,departed,Technology,Corporate-Support,2,"Manager, Technology",127100.0,0.88,Male,55-59,South Asian,Full-time,True,False,E11587,direct,NovaCorp-Origin,WorkdayHR,26.0,324,False,voluntary,Better opportunity,True,True,Unsatisfactory,127100.0,E11587,pull
E02688,Jonathan Anderson,1998-08-27,2024-08-09,departed,Insurance,Operations-Processing,2,"Manager, Insurance",133000.0,0.92,Male,60+,Maori/Aboriginal & Torres Strait Islander,Full-time,True,False,E03615,graduate,NovaCorp-Origin,WorkdayHR,19.0,315,False,voluntary,Career advancement,True,True,Outstanding,133000.0,E03615,push
E02805,Robert Nicholson,1999-02-20,2024-03-11,departed,Retail Banking,Operations-Processing,2,"Manager, Retail Banking",115600.0,0.8,Male,45-49,Southeast Asian,Full-time,True,False,E05666,graduate,NovaCorp-Origin,WorkdayHR,72.0,305,False,voluntary,Career advancement,True,True,Outstanding,115600.0,E05666,pull
E02850,David Larson,1999-05-02,2024-07-08,departed,Risk & Compliance,Technology,4,"Director, Risk & Compliance",324500.0,0.98,Male,55-59,Anglo-Australian,Full-time,False,True,E11957,agency,NovaCorp-Origin,WorkdayHR,58.0,306,False,voluntary,Career advancement,False,True,Outstanding,324500.0,E11957,pull
E02980,Robert Collins,1999-10-13,2024-02-25,departed,Risk & Compliance,Management,3,"Senior Manager, Risk & Compliance",235700.0,0.77,Male,60+,Pacific Islander,Full-time,True,False,E02692,agency,NovaCorp-Origin,WorkdayHR,45.0,296,False,voluntary,Career advancement,True,True,Unsatisfactory,235700.0,E02692,pull
E03040,Roger Garcia,2000-01-21,2024-10-31,departed,Technology,Operations-Processing,2,"Manager, Technology",134200.0,0.93,Male,55-59,Anglo-Australian,Full-time,False,False,E12311,agency,NovaCorp-Origin,WorkdayHR,67.0,301,False,voluntary,Career advancement,True,True,Outstanding,134200.0,E12311,push
E03101,Matthew Brown MD,2000-04-16,2024-10-11,departed,Corporate Operations,Risk-Compliance,2,"Manager, Corporate Operations",168400.0,0.77,Male,55-59,Anglo-Australian,Full-time,True,False,E00587,acquisition,NovaCorp-Origin,WorkdayHR,65.0,298,False,voluntary,Better opportunity,True,True,High Performer,168400.0,E00587,pull
E03214,Kathryn Morris,2000-09-20,2024-11-28,departed,Insurance,Management,2,"Manager, Insurance",126900.0,0.88,Female,45-49,South Asian,Full-time,False,False,E00029,agency,NovaCorp-Origin,WorkdayHR,69.0,294,False,voluntary,Career advancement,True,True,Outstanding,126900.0,E00029,push
E03242,Holly Wade,2000-11-03,2025-02-25,departed,Corporate Operations,Risk-Compliance,2,"Manager, Corporate Operations",115300.0,0.8,Female,40-44,Anglo-Australian,Full-time,True,True,E07777,direct,NovaCorp-Origin,WorkdayHR,39.0,296,False,voluntary,Career advancement,True,True,Outstanding,115300.0,E07777,pull
E03243,Kimberly Holmes,2000-11-04,2025-10-17,departed,Corporate Operations,Technology,3,"Senior Manager, Corporate Operations",193600.0,0.86,Female,50-54,East Asian,Part-time,True,True,E07291,graduate,NovaCorp-Origin,WorkdayHR,60.0,303,False,voluntary,Better opportunity,False,True,High Performer,193600.0,E07291,pull
E03332,Brittany Davis,2001-03-21,2024-08-06,departed,Risk & Compliance,Operations-Processing,2,"Manager, Risk & Compliance",176500.0,1.06,Female,55-59,Anglo-Australian,Full-time,False,False,E12277,acquisition,NovaCorp-Origin,WorkdayHR,74.0,284,False,voluntary,Better opportunity,True,True,Outstanding,176500.0,E12277,pull
E03375,Rickey Rice,2001-05-17,2024-06-28,departed,Wealth Management,Management,1,Team Leader,137300.0,0.71,Male,60+,Anglo-Australian,Part-time,True,False,E00597,agency,NovaCorp-Origin,WorkdayHR,51.0,281,False,voluntary,Better opportunity,True,True,Outstanding,137300.0,E00597,pull
E03580,Robert Harris,2002-02-26,2025-03-30,departed,Technology,Client-Advisory,1,Adviser,85200.0,1.03,Male,55-59,Anglo-Australian,Full-time,False,False,E02432,graduate,NovaCorp-Origin,WorkdayHR,77.0,281,False,voluntary,Career advancement,True,True,Outstanding,85200.0,E02432,pull
E03581,Linda Gutierrez,2002-02-27,2024-11-26,departed,Retail Banking,Technology,1,Senior Engineer,142600.0,1.03,Female,40-44,Anglo-Australian,Full-time,False,False,E10879,direct,NovaCorp-Origin,WorkdayHR,30.0,276,False,voluntary,Career advancement,True,True,Outstanding,142600.0,E10879,push
E03653,Adrian Morris,2002-06-06,2025-05-09,departed,Technology,Client-Advisory,1,Client Service Officer,80400.0,0.84,Male,50-54,Anglo-Australian,Full-time,True,False,E09355,agency,NovaCorp-Origin,WorkdayHR,60.0,279,False,voluntary,Career advancement,True,True,High Performer,80400.0,E09355,pull
E03700,Sarah Gomez MD,2002-08-09,2025-02-21,departed,Wealth Management,Operations-Processing,1,Analyst,112400.0,0.98,Prefer not to say,50-54,East Asian,Full-time,False,True,E01208,direct,NovaCorp-Origin,WorkdayHR,70.0,274,False,voluntary,Career advancement,False,True,Outstanding,112400.0,E01208,pull
E04087,Mr. Nathaniel Sanders,2004-03-12,2024-06-24,departed,Technology,Technology,1,Junior Developer,78100.0,0.97,Male,55-59,Anglo-Australian,Full-time,False,True,E01432,agency,NovaCorp-Origin,WorkdayHR,40.0,246,False,voluntary,Career advancement,False,True,Outstanding,78100.0,E01432,pull
E04099,Jean Goodman,2004-03-27,2025-01-24,departed,Corporate Operations,Operations-Processing,1,Analyst,100300.0,0.66,Female,45-49,East Asian,Full-time,True,True,E04153,direct,NovaCorp-Origin,WorkdayHR,29.0,253,False,voluntary,Career advancement,True,True,High Performer,100300.0,E04153,pull
E04122,Troy Evans,2004-05-02,2024-07-26,departed,Insurance,Operations-Processing,1,Processing Officer,66800.0,0.9,Male,55-59,Anglo-Australian,Full-time,True,False,E02448,graduate,NovaCorp-Origin,WorkdayHR,31.0,246,False,voluntary,Career advancement,True,True,Outstanding,66800.0,E02448,push
E04223,Anna Kim,2004-09-06,2024-11-22,departed,Wealth Management,Operations-Processing,1,Analyst,106900.0,0.94,Female,50-54,East Asian,Full-time,False,False,E03199,agency,NovaCorp-Origin,WorkdayHR,83.0,246,False,voluntary,Career advancement,True,True,Outstanding,106900.0,E03199,pull
E04410,Brandon King,2005-05-30,2025-06-30,departed,Technology,Client-Advisory,2,"Manager, Technology",157700.0,0.89,Male,35-39,Anglo-Australian,Part-time,False,False,E11777,direct,NovaCorp-Origin,WorkdayHR,78.0,244,False,voluntary,Better opportunity,True,True,Outstanding,157700.0,E11777,pull
E04412,Thomas Edwards,2005-06-01,2024-03-22,departed,Wealth Management,Client-Advisory,1,Client Service Officer,71000.0,1.08,Male,45-49,Anglo-Australian,Full-time,False,False,E03096,referral,NovaCorp-Origin,WorkdayHR,44.0,228,False,voluntary,Career advancement,True,True,Outstanding,71000.0,E03096,pull
E04544,Cory Pearson,2006-01-03,2025-05-02,departed,Wealth Management,Technology,1,Engineer,103300.0,0.98,Male,35-39,Southeast Asian,Full-time,False,False,E04911,agency,NovaCorp-Origin,WorkdayHR,31.0,235,False,voluntary,Better opportunity,True,True,Outstanding,103300.0,E04911,pull
E04554,Ryan Hernandez,2006-01-16,2024-03-21,departed,Retail Banking,Technology,1,Engineer,90500.0,0.99,Male,45-49,Maori/Aboriginal & Torres Strait Islander,Full-time,False,False,E14012,referral,NovaCorp-Origin,WorkdayHR,81.0,221,False,voluntary,Career advancement,True,True,Outstanding,90500.0,E14012,pull
E04680,Nicholas Knight,2006-07-11,2024-02-16,departed,Risk & Compliance,Technology,3,"Senior Manager, Risk & Compliance",216700.0,0.72,Male,50-54,Anglo-Australian,Full-time,True,False,E10303,referral,NovaCorp-Origin,WorkdayHR,17.0,214,False,voluntary,Better opportunity,True,True,Outstanding,216700.0,E10303,pull
E04725,Nicholas Patton,2006-09-01,2024-09-06,departed,Corporate Operations,Management,1,Administration Officer,78200.0,0.89,Male,45-49,Anglo-Australian,Full-time,False,False,E03029,agency,NovaCorp-Origin,WorkdayHR,15.0,219,False,voluntary,Career advancement,True,True,Outstanding,78200.0,E03029,pull
E04735,Sonya Martinez,2006-09-12,2025-10-31,departed,Executive Leadership,Client-Advisory,1,Senior Adviser,132000.0,0.93,Female,45-49,Anglo-Australian,Full-time,False,False,E00494,direct,NovaCorp-Origin,WorkdayHR,59.0,232,False,voluntary,Better opportunity,True,True,Outstanding,132000.0,E00494,push
E04865,John Kelley,2007-03-29,2024-03-16,departed,Technology,Operations-Processing,1,Processing Officer,62500.0,0.81,Male,35-39,Anglo-Australian,Full-time,True,True,E10049,referral,NovaCorp-Origin,WorkdayHR,35.0,206,False,voluntary,Better opportunity,True,True,Outstanding,62500.0,E10049,pull
E04905,Jeremiah Day,2007-05-12,2024-07-31,departed,Risk & Compliance,Operations-Processing,1,Analyst,108100.0,0.84,Male,50-54,South Asian,Full-time,True,False,E05551,agency,NovaCorp-Origin,WorkdayHR,73.0,209,False,voluntary,Career advancement,True,True,Below Expectations,108100.0,E05551,pull
E05010,Victor Ramirez,2007-10-30,2025-01-08,departed,Risk & Compliance,Operations-Processing,4,"Director, Risk & Compliance",315500.0,0.89,Male,45-49,South Asian,Full-time,True,False,E03057,acquisition,NovaCorp-Origin,WorkdayHR,75.0,209,False,voluntary,Better opportunity,False,True,Meets Expectations,315500.0,E03057,pull
E05048,Mrs. Alexis Dawson DVM,2007-12-23,2025-11-07,departed,Wealth Management,Client-Advisory,1,Client Service Officer,84100.0,0.95,Female,40-44,Anglo-Australian,Full-time,True,False,E00633,agency,NovaCorp-Origin,WorkdayHR,37.0,217,False,voluntary,Compensation,True,True,Outstanding,84100.0,E00633,push
E05063,James Mcclure,2008-01-16,2024-09-14,departed,Technology,Management,3,"Senior Manager, Technology",242500.0,1.03,Male,40-44,South Asian,Full-time,False,False,E01602,referral,NovaCorp-Origin,WorkdayHR,54.0,202,False,voluntary,Career advancement,False,True,Outstanding,242500.0,E01602,push
E05373,Erin Mcclure,2009-06-13,2024-02-29,departed,Retail Banking,Client-Advisory,1,Adviser,110400.0,0.91,Female,40-44,South Asian,Full-time,False,True,E07521,referral,NovaCorp-Origin,WorkdayHR,26.0,179,False,voluntary,Career advancement,True,True,Outstanding,110400.0,E07521,push
E05633,April Randolph,2010-06-24,2025-07-31,departed,Technology,Operations-Processing,1,Analyst,94800.0,1.07,Prefer not to say,35-39,Anglo-Australian,Casual,False,False,E10810,referral,NovaCorp-Origin,WorkdayHR,34.0,183,False,voluntary,Career advancement,True,True,Outstanding,94800.0,E10810,push
E05701,Julie Taylor,2010-09-17,2025-11-28,departed,Wealth Management,Management,3,"Senior Manager, Wealth Management",188800.0,0.79,Female,40-44,European (non-Anglo),Part-time,True,False,E02881,direct,NovaCorp-Origin,WorkdayHR,85.0,185,False,voluntary,Better opportunity,True,True,Meets Expectations,188800.0,E02881,pull
E05714,Jennifer Nelson,2010-10-15,2024-11-16,departed,Risk & Compliance,Technology,1,Engineer,88100.0,0.92,Prefer not to say,35-39,South Asian,Fixed-term,True,False,E00839,referral,NovaCorp-Origin,WorkdayHR,46.0,171,False,voluntary,Career advancement,True,True,High Performer,88100.0,E00839,pull
E05802,Danny Mcdaniel,2011-03-24,2024-07-16,departed,Wealth Management,Risk-Compliance,3,"Senior Manager, Wealth Management",198200.0,0.97,Prefer not to say,40-44,Anglo-Australian,Fixed-term,False,True,E03131,direct,NovaCorp-Origin,WorkdayHR,73.0,162,False,voluntary,Personal reasons,True,True,Outstanding,198200.0,E03131,push
E05891,Timothy Glass,2011-09-21,2025-07-24,departed,Technology,Client-Advisory,1,Senior Adviser,138700.0,0.9,Male,30-34,Anglo-Australian,Full-time,True,True,E02883,graduate,NovaCorp-Origin,WorkdayHR,39.0,168,False,voluntary,Career advancement,True,True,Outstanding,138700.0,E02883,pull
E06155,Willie Martin,2012-10-24,2024-02-16,departed,Wealth Management,Risk-Compliance,1,Senior Risk Analyst,119000.0,1.08,Prefer not to say,40-44,European (non-Anglo),Full-time,False,False,E13519,referral,NovaCorp-Origin,WorkdayHR,68.0,137,False,voluntary,Career advancement,True,True,Outstanding,119000.0,E13519,pull
E06184,Michelle Harris,2012-12-10,2024-11-26,departed,Retail Banking,Management,1,Team Leader,135600.0,0.93,Female,50-54,Anglo-Australian,Full-time,False,False,E02199,direct,NovaCorp-Origin,WorkdayHR,77.0,145,False,voluntary,Better opportunity,True,True,Outstanding,135600.0,E02199,pull
E06338,Denise Foster,2013-07-29,2025-07-11,departed,Risk & Compliance,Risk-Compliance,1,Compliance Officer,60400.0,0.98,Female,30-34,Middle Eastern,Casual,False,False,E13955,direct,NovaCorp-Origin,WorkdayHR,34.0,145,False,voluntary,Better opportunity,True,True,Outstanding,60400.0,E13955,pull
E06534,Allison Moore,2014-04-11,2025-04-30,departed,Technology,Management,1,Administration Officer,75900.0,0.92,Female,35-39,Southeast Asian,Full-time,True,False,E03349,referral,NovaCorp-Origin,WorkdayHR,22.0,134,False,voluntary,Better opportunity,False,True,Unsatisfactory,75900.0,E03349,pull
E06618,Jessica Roberts,2014-08-04,2025-02-28,departed,Corporate Operations,Management,1,Team Leader,120100.0,0.96,Female,25-29,Anglo-Australian,Casual,False,False,E14258,direct,NovaCorp-Origin,WorkdayHR,47.0,128,False,voluntary,Career advancement,True,True,Outstanding,120100.0,E14258,push
E06669,Angela Lee,2014-10-13,2024-02-02,departed,Insurance,Management,1,Team Leader,134800.0,0.79,Female,40-44,Anglo-Australian,Full-time,True,False,E10672,direct,NovaCorp-Origin,WorkdayHR,24.0,113,False,voluntary,Better opportunity,True,True,High Performer,134800.0,E10672,pull
E06722,Jeffrey Richardson,2015-01-08,2024-04-05,departed,Technology,Client-Advisory,1,Senior Adviser,135300.0,0.93,Male,40-44,Anglo-Australian,Full-time,False,False,E00130,direct,NovaCorp-Origin,WorkdayHR,57.0,112,False,voluntary,Career advancement,True,True,Outstanding,135300.0,E00130,pull
E06780,Kathleen Mooney,2015-04-30,2024-04-20,departed,Insurance,Technology,1,Senior Engineer,116800.0,0.89,Female,30-34,South Asian,Part-time,False,False,E01615,agency,NovaCorp-Origin,WorkdayHR,28.0,109,False,voluntary,Career advancement,True,True,Outstanding,116800.0,E01615,pull
E06969,William Leblanc,2016-01-02,2025-10-25,departed,Risk & Compliance,Technology,1,Junior Developer,56400.0,0.83,Male,35-39,East Asian,Full-time,True,False,E03290,direct,NovaCorp-Origin,WorkdayHR,29.0,119,False,voluntary,Career advancement,True,True,Below Expectations,56400.0,E03290,pull
E07045,John Avery,2016-05-01,2025-05-02,departed,Risk & Compliance,Corporate-Support,1,Graduate,81000.0,0.97,Male,30-34,Anglo-Australian,Part-time,False,True,E02164,direct,NovaCorp-Origin,WorkdayHR,90.0,109,False,voluntary,Role uncertainty / unclear future,True,True,Outstanding,81000.0,E02164,push
E07126,Brian Jordan,2016-09-27,2024-05-31,departed,Risk & Compliance,Client-Advisory,1,Client Service Officer,65400.0,0.84,Male,45-49,Anglo-Australian,Full-time,True,False,E04875,direct,NovaCorp-Origin,WorkdayHR,73.0,93,False,voluntary,Career advancement,True,True,Meets Expectations,65400.0,E04875,pull
E07128,Derrick Brown,2016-09-28,2024-12-13,departed,Technology,Corporate-Support,1,Graduate,72000.0,0.92,Prefer not to say,35-39,Anglo-Australian,Full-time,True,False,E01712,referral,NovaCorp-Origin,WorkdayHR,56.0,99,False,voluntary,Career advancement,True,True,High Performer,72000.0,E01712,pull
E07230,Hayden Montes,2017-02-21,2025-07-13,departed,Risk & Compliance,Risk-Compliance,1,Risk Analyst,101600.0,0.99,Male,35-39,Southeast Asian,Casual,False,False,E00697,agency,NovaCorp-Origin,WorkdayHR,82.0,102,False,voluntary,Better opportunity,True,True,Meets Expectations,101600.0,E00697,push
E07382,Susan Griffin,2017-09-21,2025-02-06,departed,Risk & Compliance,Operations-Processing,1,Analyst,100400.0,1.03,Non-binary,35-39,Anglo-Australian,Full-time,False,False,E01741,agency,NovaCorp-Origin,WorkdayHR,17.0,89,False,voluntary,Career advancement,True,True,Outstanding,100400.0,E01741,pull
E07420,Paul Short,2017-11-14,2024-02-08,departed,Corporate Operations,Corporate-Support,1,Graduate,58400.0,0.89,Male,25-29,Anglo-Australian,Full-time,True,False,E03427,direct,NovaCorp-Origin,WorkdayHR,71.0,75,False,voluntary,Career advancement,True,True,Outstanding,58400.0,E03427,pull
E07422,Katherine Davidson,2017-11-16,2025-02-19,departed,Risk & Compliance,Technology,1,Senior Engineer,124700.0,0.88,Female,25-29,Prefer not to say,Part-time,True,False,E06782,referral,NovaCorp-Origin,WorkdayHR,43.0,88,False,voluntary,Career advancement,True,True,Outstanding,124700.0,E06782,pull
E07489,Robin Adkins,2018-02-17,2025-03-31,departed,Wealth Management,Risk-Compliance,1,Risk Analyst,108900.0,0.95,Female,30-34,Southeast Asian,Full-time,False,True,E04174,agency,NovaCorp-Origin,WorkdayHR,67.0,86,False,voluntary,Career advancement,True,True,Outstanding,108900.0,E04174,pull
E07595,Kristen Castillo,2018-06-24,2024-10-31,departed,Risk & Compliance,Management,1,Administration Officer,84300.0,0.9,Female,40-44,Prefer not to say,Full-time,False,False,E03363,referral,NovaCorp-Origin,WorkdayHR,57.0,77,False,voluntary,Better opportunity,True,True,Outstanding,84300.0,E03363,pull
E07625,Jeffrey Allen,2018-08-06,2025-04-21,departed,Retail Banking,Technology,4,"Director, Retail Banking",252000.0,1.01,Male,30-34,Anglo-Australian,Full-time,False,False,E06357,graduate,NovaCorp-Origin,WorkdayHR,21.0,81,False,voluntary,Career advancement,True,True,Outstanding,252000.0,E06357,pull
E07698,Pamela Watkins,2018-12-04,2024-12-13,departed,Technology,Corporate-Support,2,"Manager, Technology",155300.0,0.98,Female,35-39,Middle Eastern,Full-time,False,True,E13314,direct,NovaCorp-Origin,WorkdayHR,23.0,73,False,voluntary,Career advancement,True,True,Outstanding,155300.0,E13314,push
E07791,James Smith,2019-04-16,2024-12-07,departed,Insurance,Management,1,Coordinator,110000.0,0.99,Male,18-24,Anglo-Australian,Full-time,False,False,E01417,direct,NovaCorp-Origin,WorkdayHR,31.0,68,False,voluntary,Career advancement,True,True,Outstanding,110000.0,E01417,pull
E07838,Kimberly Hunter,2019-06-13,2024-03-29,departed,Retail Banking,Management,1,Coordinator,91300.0,1.03,Prefer not to say,25-29,Anglo-Australian,Part-time,False,False,E01194,direct,NovaCorp-Origin,WorkdayHR,25.0,58,False,voluntary,Better opportunity,True,True,Outstanding,91300.0,E01194,pull
E07884,Chelsea Andersen,2019-08-23,2024-03-29,departed,Corporate Operations,Corporate-Support,1,Graduate,60600.0,0.95,Female,25-29,Anglo-Australian,Full-time,True,False,E01300,agency,NovaCorp-Origin,WorkdayHR,69.0,56,False,voluntary,Better opportunity,True,True,High Performer,60600.0,E01300,pull
E08000,Alexander Lynch,2020-02-21,2025-06-13,departed,Retail Banking,Client-Advisory,1,Adviser,108800.0,0.82,Male,30-34,East Asian,Full-time,True,True,E05579,acquisition,NovaCorp-Origin,WorkdayHR,22.0,64,False,voluntary,Better opportunity,True,True,Meets Expectations,108800.0,E05579,pull
E08061,Robert Rose,2020-06-01,2024-11-15,departed,Corporate Operations,Client-Advisory,2,"Manager, Corporate Operations",142400.0,0.95,Male,18-24,Anglo-Australian,Casual,True,True,E02100,agency,NovaCorp-Origin,WorkdayHR,50.0,54,False,voluntary,Career advancement,True,True,Outstanding,142400.0,E02100,pull
E08293,Juan Cannon,2021-05-04,2024-11-02,departed,Insurance,Risk-Compliance,1,Compliance Officer,64700.0,0.9,Male,40-44,Southeast Asian,Full-time,True,True,E02109,agency,NovaCorp-Origin,WorkdayHR,26.0,42,False,voluntary,Better opportunity,True,True,High Performer,64700.0,E02109,pull
E08569,Michael Harris,2022-04-28,2025-06-07,departed,Insurance,Client-Advisory,1,Client Service Officer,56400.0,0.85,Male,35-39,Maori/Aboriginal & Torres Strait Islander,Casual,False,True,E00453,agency,NovaCorp-Origin,WorkdayHR,35.0,37,False,voluntary,Better opportunity,False,True,Outstanding,56400.0,E00453,pull
E08622,Howard Campbell,2022-07-22,2024-04-12,departed,Technology,Operations-Processing,1,Senior Analyst,138200.0,0.99,Male,25-29,East Asian,Part-time,False,False,E11414,direct,NovaCorp-Origin,WorkdayHR,17.0,21,False,voluntary,Better opportunity,True,True,Outstanding,138200.0,E11414,push
E08809,Norma Holmes,2023-04-16,2025-11-21,departed,Insurance,Risk-Compliance,1,Compliance Officer,70200.0,0.78,Female,35-39,East Asian,Full-time,True,True,E02163,acquisition,Entity_A,SAP-HR,30.0,31,False,voluntary,Better opportunity,False,True,High Performer,70200.0,E02163,pull
E08846,Andrew Brown,2023-04-18,2024-06-21,departed,Insurance,Corporate-Support,1,Senior Specialist,115500.0,0.79,Male,18-24,Anglo-Australian,Full-time,True,False,E05735,acquisition,Entity_A,SAP-HR,62.0,14,False,voluntary,Career advancement,True,True,High Performer,115500.0,E05735,pull
E08890,Jason Gregory,2023-04-21,2024-10-11,departed,Wealth Management,Technology,1,Engineer,93400.0,1.05,Male,30-34,African,Full-time,False,False,E01351,acquisition,Entity_A,SAP-HR,89.0,17,False,voluntary,Career advancement,False,True,Outstanding,93400.0,E01351,push
E09353,Stacy Mccormick,2023-05-27,2024-07-26,departed,Retail Banking,Client-Advisory,1,Client Service Officer,73400.0,0.84,Female,35-39,South Asian,Full-time,True,False,E01394,acquisition,Entity_A,SAP-HR,53.0,14,False,voluntary,Career advancement,True,True,Outstanding,73400.0,E01394,pull
E09456,Daniel Arnold,2023-06-04,2025-06-02,departed,Risk & Compliance,Client-Advisory,1,Adviser,98200.0,0.89,Male,30-34,South Asian,Full-time,False,False,E01596,acquisition,Entity_A,SAP-HR,81.0,24,False,voluntary,Career advancement,True,True,Meets Expectations,98200.0,E01596,push
E09471,Robert Simpson,2023-06-05,2024-06-28,departed,Retail Banking,Operations-Processing,1,Senior Analyst,123800.0,0.92,Male,25-29,Anglo-Australian,Fixed-term,False,False,E02085,acquisition,Entity_A,SAP-HR,36.0,12,False,voluntary,Career advancement,True,True,Outstanding,123800.0,E02085,pull
E09498,Kevin Espinoza,2023-06-07,2025-09-26,departed,Corporate Operations,Management,2,"Manager, Corporate Operations",181300.0,0.98,Male,35-39,European (non-Anglo),Part-time,False,False,E07814,acquisition,Entity_A,SAP-HR,83.0,28,False,voluntary,Better opportunity,True,True,Outstanding,181300.0,E07814,pull
E09635,Joshua Ford,2023-06-19,2025-03-22,departed,Technology,Technology,3,"Senior Manager, Technology",196700.0,0.94,Male,30-34,Anglo-Australian,Full-time,True,False,E02377,acquisition,Entity_A,SAP-HR,14.0,21,False,voluntary,Relocation,True,True,Outstanding,196700.0,E02377,push
E10173,Jessica Lewis,2023-08-01,2024-11-01,departed,Corporate Operations,Operations-Processing,3,"Senior Manager, Corporate Operations",216900.0,0.82,Female,30-34,Anglo-Australian,Part-time,True,False,E04998,acquisition,Entity_A,SAP-HR,18.0,15,False,voluntary,Better opportunity,True,True,Outstanding,216900.0,E04998,pull
E10197,Sherry Hopkins,2023-08-02,2025-08-08,departed,Corporate Operations,Client-Advisory,1,Client Service Officer,71600.0,0.87,Female,18-24,Anglo-Australian,Full-time,True,False,E03257,acquisition,Entity_A,SAP-HR,26.0,24,False,voluntary,Better opportunity,True,True,High Performer,71600.0,E03257,pull
E10246,Cindy White,2023-08-06,2024-11-08,departed,Technology,Operations-Processing,2,"Manager, Technology",136500.0,0.84,Female,30-34,South Asian,Fixed-term,True,False,E00262,acquisition,Entity_A,SAP-HR,38.0,15,False,voluntary,Better opportunity,True,True,High Performer,136500.0,E00262,pull
E10353,Deanna Norman,2023-08-14,2025-05-27,departed,Retail Banking,Management,1,Coordinator,85300.0,0.94,Female,25-29,Anglo-Australian,Full-time,False,False,E09029,acquisition,Entity_A,SAP-HR,81.0,21,False,voluntary,Better opportunity,True,True,Outstanding,85300.0,E09029,pull
E10435,Caitlin White,2023-08-22,2025-10-07,departed,Retail Banking,Operations-Processing,1,Senior Analyst,131200.0,0.93,Female,35-39,Pacific Islander,Full-time,False,False,E12251,direct,NovaCorp-Origin,WorkdayHR,41.0,25,False,voluntary,Better opportunity,True,True,Outstanding,131200.0,E12251,pull
E10491,Nicole Zhang,2023-08-27,2025-10-10,departed,Insurance,Management,2,"Manager, Insurance",135900.0,0.97,Female,25-29,Anglo-Australian,Full-time,False,False,E00177,acquisition,Entity_A,SAP-HR,59.0,25,False,voluntary,Career advancement,True,True,Outstanding,135900.0,E00177,push
E10552,Sandra Burnett,2023-08-31,2025-01-10,departed,Risk & Compliance,Corporate-Support,1,Senior Specialist,131600.0,0.95,Female,30-34,Anglo-Australian,Full-time,True,False,E02554,acquisition,Entity_A,SAP-HR,27.0,16,False,voluntary,Career advancement,True,True,High Performer,131600.0,E02554,pull
E10760,Samantha Figueroa,2023-09-17,2024-10-02,departed,Risk & Compliance,Technology,1,Junior Developer,80700.0,0.88,Female,40-44,Anglo-Australian,Full-time,True,False,E02072,acquisition,Entity_A,SAP-HR,52.0,12,False,voluntary,Career advancement,True,True,High Performer,80700.0,E02072,pull
E11111,Olivia Morgan,2023-11-09,2025-01-31,departed,Technology,Operations-Processing,2,"Manager, Technology",159100.0,0.93,Female,35-39,Maori/Aboriginal & Torres Strait Islander,Full-time,True,False,E12587,graduate,NovaCorp-Origin,WorkdayHR,29.0,14,False,voluntary,Career advancement,True,True,High Performer,159100.0,E12587,pull
E11188,Tiffany Mcgee,2024-03-03,2025-05-28,departed,Retail Banking,Client-Advisory,1,Client Service Officer,72500.0,0.95,Female,25-29,Anglo-Australian,Full-time,True,False,E01691,agency,NovaCorp-Origin,WorkdayHR,67.0,15,False,voluntary,Relocation,True,True,Outstanding,72500.0,E01691,push
E11197,Lisa Kaiser,2024-03-10,2025-04-11,departed,Retail Banking,Technology,1,Engineer,113400.0,0.81,Female,30-34,East Asian,Full-time,True,False,E00360,agency,NovaCorp-Origin,WorkdayHR,57.0,13,False,voluntary,Career advancement,True,True,Meets Expectations,113400.0,E00360,pull
E11464,Larry Lloyd,2024-05-23,2025-01-31,departed,Insurance,Operations-Processing,3,"Senior Manager, Insurance",187100.0,1.03,Male,30-34,Maori/Aboriginal & Torres Strait Islander,Full-time,False,False,E11737,acquisition,Entity_B,BambooHR-EntityB,27.0,8,False,voluntary,Better opportunity,True,True,Outstanding,187100.0,E11737,pull
E11478,Nancy Kelly,2024-05-23,2025-11-13,departed,Insurance,Operations-Processing,1,Processing Officer,65500.0,0.95,Female,35-39,Anglo-Australian,Full-time,False,False,E10022,acquisition,Entity_B,BambooHR-EntityB,73.0,17,False,voluntary,Better opportunity,True,True,Outstanding,65500.0,E10022,pull
E11517,John Kidd,2024-05-26,2025-04-30,departed,Corporate Operations,Operations-Processing,3,"Senior Manager, Corporate Operations",229100.0,0.82,Male,35-39,Maori/Aboriginal & Torres Strait Islander,Full-time,True,False,E13593,acquisition,Entity_B,BambooHR-EntityB,47.0,11,False,voluntary,Better opportunity,True,True,High Performer,229100.0,E13593,pull
E11555,Michael Barron,2024-05-28,2025-06-15,departed,Wealth Management,Operations-Processing,1,Senior Analyst,131600.0,0.93,Male,25-29,Anglo-Australian,Full-time,True,False,E02949,acquisition,Entity_B,BambooHR-EntityB,16.0,12,False,voluntary,Career advancement,True,True,Outstanding,131600.0,E02949,push
E11642,Megan Green,2024-06-02,2025-04-30,departed,Insurance,Operations-Processing,3,"Senior Manager, Insurance",209400.0,0.93,Female,30-34,Pacific Islander,Full-time,False,False,E04056,acquisition,Entity_B,BambooHR-EntityB,26.0,11,False,voluntary,Career advancement,True,True,Outstanding,209400.0,E04056,pull
E11727,Tara Carpenter,2024-06-08,2024-07-05,departed,Insurance,Operations-Processing,1,Senior Analyst,130900.0,0.92,Female,18-24,Anglo-Australian,Full-time,True,False,E03106,acquisition,Entity_B,BambooHR-EntityB,48.0,0,False,voluntary,Career advancement,True,True,High Performer,130900.0,E03106,pull
E11737,Erik Donovan,2024-06-08,2024-07-05,departed,Insurance,Management,4,"Director, Insurance",293200.0,1.03,Male,25-29,East Asian,Full-time,False,False,E04595,acquisition,Entity_B,BambooHR-EntityB,52.0,0,False,voluntary,Work-life balance,True,True,Meets Expectations,293200.0,E04595,push
E11905,Austin Gibson,2024-06-20,2025-06-06,departed,Insurance,Operations-Processing,2,"Manager, Insurance",140400.0,0.95,Male,30-34,South Asian,Full-time,False,False,E02240,acquisition,Entity_B,BambooHR-EntityB,26.0,11,False,voluntary,Career advancement,True,True,Outstanding,140400.0,E02240,push
E11925,David Jones,2024-06-21,2024-07-19,departed,Corporate Operations,Operations-Processing,1,Analyst,106400.0,0.97,Male,18-24,Middle Eastern,Full-time,True,False,E04046,acquisition,Entity_B,BambooHR-EntityB,86.0,0,False,voluntary,Personal reasons,True,True,Outstanding,106400.0,E04046,push
E11970,Cheryl West,2024-06-23,2024-08-30,departed,Risk & Compliance,Technology,3,"Senior Manager, Risk & Compliance",222100.0,0.81,Female,30-34,East Asian,Full-time,True,False,E06513,acquisition,Entity_B,BambooHR-EntityB,52.0,2,False,voluntary,Career advancement,True,True,High Performer,222100.0,E06513,pull
E11981,Ernest Gross,2024-06-24,2024-11-29,departed,Risk & Compliance,Corporate-Support,1,Senior Specialist,136000.0,1.12,Male,35-39,Southeast Asian,Full-time,False,False,E02247,acquisition,Entity_B,BambooHR-EntityB,41.0,5,False,voluntary,Career advancement,True,True,Outstanding,136000.0,E02247,pull
E12082,Christie Brewer,2024-07-01,2025-05-30,departed,Wealth Management,Operations-Processing,1,Analyst,111600.0,0.86,Female,30-34,European (non-Anglo),Part-time,True,True,E12897,acquisition,Entity_B,BambooHR-EntityB,70.0,11,False,voluntary,Career advancement,True,True,Outstanding,111600.0,E12897,pull
E12114,Emily Robinson,2024-07-03,2025-06-11,departed,Corporate Operations,Operations-Processing,1,Processing Officer,84600.0,0.88,Female,25-29,South Asian,Fixed-term,True,False,E02591,acquisition,Entity_B,BambooHR-EntityB,27.0,11,False,voluntary,Career advancement,True,True,Meets Expectations,84600.0,E02591,pull
E12151,Jose Collins,2024-07-06,2024-08-02,departed,Risk & Compliance,Operations-Processing,1,Processing Officer,66600.0,0.84,Male,35-39,East Asian,Fixed-term,True,False,E13584,acquisition,Entity_B,BambooHR-EntityB,52.0,0,False,voluntary,Career advancement,False,True,High Performer,66600.0,E13584,pull
E12284,Jennifer Williams,2024-07-13,2025-07-23,departed,Retail Banking,Operations-Processing,1,Processing Officer,74100.0,0.85,Female,18-24,Anglo-Australian,Full-time,True,True,E00727,acquisition,Entity_B,BambooHR-EntityB,47.0,12,False,voluntary,Better opportunity,True,True,High Performer,74100.0,E00727,pull
E12286,Erica Fletcher,2024-07-14,2024-08-13,departed,Insurance,Operations-Processing,1,Senior Analyst,117400.0,0.94,Female,25-29,Maori/Aboriginal & Torres Strait Islander,Full-time,False,True,E02616,acquisition,Entity_B,BambooHR-EntityB,28.0,1,False,voluntary,Career advancement,True,True,Outstanding,117400.0,E02616,push
E12374,Katherine Doyle,2024-07-19,2024-08-18,departed,Risk & Compliance,Corporate-Support,3,"Senior Manager, Risk & Compliance",177600.0,0.92,Female,30-34,East Asian,Fixed-term,False,False,E05974,acquisition,Entity_B,BambooHR-EntityB,64.0,1,False,voluntary,Career advancement,True,True,Outstanding,177600.0,E05974,push
E12400,Lisa Perez,2024-07-21,2025-05-30,departed,Technology,Operations-Processing,1,Analyst,90500.0,1.02,Female,30-34,Anglo-Australian,Full-time,False,True,E04788,acquisition,Entity_B,BambooHR-EntityB,23.0,10,False,voluntary,Better opportunity,False,True,Outstanding,90500.0,E04788,pull
E12449,George Caldwell,2024-07-23,2024-08-16,departed,Insurance,Operations-Processing,3,"Senior Manager, Insurance",181500.0,0.96,Male,30-34,East Asian,Full-time,True,False,E00506,acquisition,Entity_B,BambooHR-EntityB,71.0,0,False,voluntary,Better opportunity,False,True,Meets Expectations,181500.0,E00506,pull
E12602,Jerry Walsh,2024-08-01,2024-08-30,departed,Risk & Compliance,Corporate-Support,1,Specialist,90100.0,0.94,Male,25-29,South Asian,Full-time,False,False,E00064,acquisition,Entity_B,BambooHR-EntityB,83.0,0,False,voluntary,Work-life balance,True,True,Outstanding,90100.0,E00064,push
E12667,Allison Hernandez,2024-08-05,2024-08-30,departed,Technology,Corporate-Support,1,Specialist,85000.0,1.01,Female,18-24,East Asian,Full-time,False,True,E02004,acquisition,Entity_B,BambooHR-EntityB,15.0,0,False,voluntary,Career advancement,True,True,Outstanding,85000.0,E02004,pull
E12709,Robert Fleming,2024-08-07,2025-04-11,departed,Technology,Technology,1,Junior Developer,65300.0,0.94,Male,18-24,Anglo-Australian,Full-time,False,True,E05804,acquisition,Entity_B,BambooHR-EntityB,47.0,8,False,voluntary,Better opportunity,True,True,Outstanding,65300.0,E05804,pull
E12742,Cindy Nichols,2024-08-09,2024-09-08,departed,Corporate Operations,Client-Advisory,1,Senior Adviser,127300.0,0.9,Female,18-24,South Asian,Full-time,True,False,E01678,acquisition,Entity_B,BambooHR-EntityB,44.0,1,False,voluntary,Career advancement,True,True,Outstanding,127300.0,E01678,push
E13017,Jeffery Lane,2024-08-27,2024-09-20,departed,Technology,Operations-Processing,1,Senior Analyst,117500.0,0.99,Male,30-34,Southeast Asian,Full-time,True,False,E02310,acquisition,Entity_B,BambooHR-EntityB,57.0,0,False,voluntary,Better opportunity,True,True,High Performer,117500.0,E02310,pull
E13055,Brittany Smith,2024-08-30,2025-06-20,departed,Technology,Client-Advisory,1,Senior Adviser,144100.0,0.88,Non-binary,18-24,Middle Eastern,Full-time,False,False,E02885,acquisition,Entity_B,BambooHR-EntityB,51.0,9,False,voluntary,Career advancement,True,True,Outstanding,144100.0,E02885,pull
E13132,Cynthia Sullivan,2024-09-03,2024-10-03,departed,Retail Banking,Operations-Processing,1,Analyst,106700.0,0.83,Female,25-29,Anglo-Australian,Full-time,True,False,E03208,acquisition,Entity_B,BambooHR-EntityB,90.0,1,False,voluntary,Better opportunity,True,True,High Performer,106700.0,E03208,pull
E13178,Alexis Cervantes,2024-09-06,2025-05-02,departed,Corporate Operations,Client-Advisory,1,Client Service Officer,67000.0,1.01,Female,35-39,Prefer not to say,Full-time,False,False,E01158,acquisition,Entity_B,BambooHR-EntityB,24.0,7,False,voluntary,Better opportunity,True,True,Outstanding,67000.0,E01158,pull
E13191,Amber Lane,2024-09-06,2025-04-04,departed,Retail Banking,Operations-Processing,3,"Senior Manager, Retail Banking",205400.0,0.95,Female,35-39,Anglo-Australian,Full-time,False,False,E14058,acquisition,Entity_B,BambooHR-EntityB,80.0,7,False,voluntary,Career advancement,True,True,Outstanding,205400.0,E14058,push
E13222,Jorge Lee,2024-10-04,2025-09-30,departed,Retail Banking,Management,1,Administration Officer,79400.0,0.98,Male,25-29,Anglo-Australian,Full-time,False,False,E08608,direct,NovaCorp-Origin,WorkdayHR,69.0,12,False,voluntary,Better opportunity,True,True,Outstanding,79400.0,E08608,pull
E13285,Danielle Hardin,2025-01-28,2025-02-28,departed,Risk & Compliance,Client-Advisory,1,Senior Adviser,116200.0,0.96,Non-binary,18-24,Southeast Asian,Full-time,True,False,E01358,agency,NovaCorp-Origin,WorkdayHR,35.0,1,False,voluntary,Better opportunity,True,True,Meets Expectations,116200.0,E01358,pull
E13301,Scott Wilson,2025-02-22,2025-03-24,departed,Insurance,Corporate-Support,2,"Manager, Insurance",117700.0,0.93,Male,18-24,East Asian,Full-time,False,True,E14461,agency,NovaCorp-Origin,WorkdayHR,23.0,1,False,voluntary,Career advancement,True,True,Meets Expectations,117700.0,E14461,push
E13314,Kevin Cooke,2025-03-18,2025-04-11,departed,Technology,Operations-Processing,3,"Senior Manager, Technology",209400.0,0.98,Male,30-34,Anglo-Australian,Full-time,False,False,E07493,agency,NovaCorp-Origin,WorkdayHR,73.0,0,False,voluntary,Career advancement,True,True,Outstanding,209400.0,E07493,pull
E13370,David Duran,2025-04-07,2025-05-02,departed,Technology,Corporate-Support,1,Senior Specialist,134200.0,0.77,Prefer not to say,18-24,Middle Eastern,Fixed-term,True,True,E00933,acquisition,Entity_C,PeopleSoft-Legacy,51.0,0,False,voluntary,Better opportunity,True,True,Meets Expectations,134200.0,E00933,pull
E13388,Jeremy Benson,2025-04-08,2025-05-08,departed,Insurance,Risk-Compliance,1,Senior Risk Analyst,136200.0,0.9,Male,30-34,South Asian,Full-time,False,False,E07104,acquisition,Entity_C,PeopleSoft-Legacy,61.0,1,False,voluntary,Better opportunity,True,True,Outstanding,136200.0,E07104,pull
E13448,Tonya Moore,2025-04-12,2025-11-03,departed,Retail Banking,Risk-Compliance,1,Risk Analyst,102000.0,0.87,Female,18-24,South Asian,Part-time,True,False,E01725,acquisition,Entity_C,PeopleSoft-Legacy,55.0,6,False,voluntary,Better opportunity,True,True,Unsatisfactory,102000.0,E01725,pull
E13853,Rebekah Freeman,2025-05-05,2025-05-30,departed,Technology,Technology,1,Senior Engineer,124700.0,0.86,Female,18-24,Southeast Asian,Full-time,True,False,E09167,acquisition,Entity_C,PeopleSoft-Legacy,42.0,0,False,voluntary,Better opportunity,True,True,High Performer,124700.0,E09167,pull
E14117,William Jones,2025-05-21,2025-06-20,departed,Technology,Corporate-Support,2,"Manager, Technology",168100.0,0.91,Male,18-24,Prefer not to say,Full-time,False,False,E02113,acquisition,Entity_C,PeopleSoft-Legacy,63.0,1,False,voluntary,Relocation,True,True,Outstanding,168100.0,E02113,push
E14155,Sarah Marquez,2025-05-23,2025-08-19,departed,Insurance,Management,1,Administration Officer,66900.0,0.89,Female,18-24,Anglo-Australian,Part-time,True,False,E02552,acquisition,Entity_C,PeopleSoft-Legacy,78.0,2,False,voluntary,Career advancement,True,True,High Performer,66900.0,E02552,pull
E14192,Nicole Lowery,2025-05-26,2025-06-25,departed,Risk & Compliance,Corporate-Support,1,Specialist,91900.0,0.93,Female,30-34,South Asian,Full-time,True,True,E07180,acquisition,Entity_C,PeopleSoft-Legacy,20.0,1,False,voluntary,Career advancement,True,True,High Performer,91900.0,E07180,pull
E14285,Paul Yoder,2025-05-31,2025-06-27,departed,Risk & Compliance,Management,2,"Manager, Risk & Compliance",182000.0,0.92,Male,30-34,Pacific Islander,Full-time,True,False,E01633,acquisition,Entity_C,PeopleSoft-Legacy,86.0,0,False,voluntary,Better opportunity,True,True,Meets Expectations,182000.0,E01633,pull
E14300,Mark Knight,2025-06-01,2025-07-01,departed,Retail Banking,Management,1,Administration Officer,63500.0,0.99,Non-binary,18-24,Southeast Asian,Part-time,False,False,E07594,acquisition,Entity_C,PeopleSoft-Legacy,84.0,1,False,voluntary,Career advancement,True,True,Outstanding,63500.0,E07594,pull
E14346,Tabitha Nunez,2025-06-03,2025-07-03,departed,Corporate Operations,Client-Advisory,3,"Senior Manager, Corporate Operations",235400.0,0.82,Female,30-34,Anglo-Australian,Full-time,True,False,E05009,acquisition,Entity_C,PeopleSoft-Legacy,31.0,1,False,voluntary,Better opportunity,True,True,Outstanding,235400.0,E05009,pull
E14366,Sarah Bonilla,2025-06-04,2025-08-07,departed,Corporate Operations,Management,1,Team Leader,116300.0,0.93,Female,18-24,Anglo-Australian,Full-time,True,False,E13458,acquisition,Entity_C,PeopleSoft-Legacy,89.0,2,False,voluntary,Better opportunity,True,True,High Performer,116300.0,E13458,pull
E14467,Amanda Ramsey,2025-11-03,2025-12-03,departed,Insurance,Management,1,Team Leader,124700.0,1.08,Female,35-39,East Asian,Full-time,False,False,E03136,agency,NovaCorp-Origin,WorkdayHR,31.0,1,False,voluntary,Career advancement,True,True,Outstanding,124700.0,E03136,pull
